--Проектирование и реализация базы данных для системы менторской поддержки выпускников детских домов

DROP DATABASE IF EXISTS "Mentoring_Program";

CREATE DATABASE "Mentoring_Program" WITH ENCODING 'UTF8';

\connect "Mentoring_Program";

-- Таблица 1 - данные о выпускниках детских домов, включая личные данные (first_name, last_name, birth_date, gender, phone), уровень образования (education_level) и статус занятости (employment_status)

CREATE TABLE graduates (
graduate_id integer PRIMARY KEY, 
first_name varchar(50) NOT NULL,
last_name varchar(50) NOT NULL,
birth_date date NOT NULL,
gender char(1),
phone varchar(15) NOT NULL,
education_level varchar(30),
employment_status varchar(30),

CHECK (employment_status IN ('studying', 'working', 'looking for job', 'not working')),
CHECK (gender IN ('M', 'F') OR gender IS NULL),
CHECK (birth_date BETWEEN '1990-01-01' AND '2010-12-31'),
CHECK (education_level IN('school','college','university','graduated','not studying') OR education_level IS NULL)
);

-- Таблица 2 - данные о наставниках с указанием их профессии (profession) и стажа работы в программе (work_in_programm_years)

CREATE TABLE mentors (
    mentor_id integer PRIMARY KEY,
    first_name varchar(50) NOT NULL,
    last_name varchar(50) NOT NULL,
    profession varchar(100) NOT NULL,
    work_in_programm_years integer NOT NULL,
    phone varchar(15) NOT NULL,
	
	CHECK (work_in_programm_years >= 0)
);

--Таблица 3 - справочник навыков по категориям education, work, housing, communication, legal, finance

CREATE TABLE skills_list (
    skill_id integer PRIMARY KEY,
    skill_name varchar(50) NOT NULL, --название навыка
    category varchar(30) NOT NULL, --категория навыка
    description text, --вариативно описание
	
    CHECK (category IN ('education', 'work', 'housing', 'communication', 'legal', 'finance'))
);

--Таблица 4 - связь многие ко многим(выпускники - навыки), где фиксируются навыки (skill_id), которые выпускнику (graduate_id) необходимо развить

CREATE TABLE graduate_problems (
    graduate_id integer NOT NULL,
    skill_id integer NOT NULL,
	
    PRIMARY KEY (graduate_id, skill_id),
    FOREIGN KEY (graduate_id) REFERENCES graduates(graduate_id) ON DELETE CASCADE,
    FOREIGN KEY (skill_id) REFERENCES skills_list(skill_id) ON DELETE CASCADE   
);

--Таблица 5 - связь м:м, отражающая компетенции каждого наставника (mentor_id) в конкретных навыках (skill_id)

CREATE TABLE mentor_competencies (
    mentor_id integer NOT NULL,
    skill_id integer NOT NULL,
	
    PRIMARY KEY (mentor_id, skill_id),
    FOREIGN KEY (mentor_id) REFERENCES mentors(mentor_id) ON DELETE CASCADE,
    FOREIGN KEY (skill_id) REFERENCES skills_list(skill_id) ON DELETE CASCADE
);

--Таблица 6 - пары выпускник-наставник, фиксируется статус пары - 'active', 'completed successfully', 'completed early'

CREATE TABLE pairs(
    pairs_id integer,
    graduate_id integer NOT NULL,
    mentor_id integer NOT NULL,
    status varchar(40) DEFAULT 'active',

	PRIMARY KEY (pairs_id), 
	FOREIGN KEY (graduate_id) REFERENCES graduates(graduate_id) ON DELETE CASCADE,
	FOREIGN KEY (mentor_id) REFERENCES mentors(mentor_id) ON DELETE CASCADE,
	
	CHECK (status IN ('active', 'completed successfully', 'completed early'))
);

--Таблица 7 - встречи, организованные в рамках пары выпускник - наставник с указанием даты (meeting_date), продолжительности (duration), взаимных оценок (graduate_rating, mentor_rating) и заметок (notes)

CREATE TABLE meetings (
    meeting_id integer,
    pairs_id integer NOT NULL,
    meeting_date date NOT NULL,
    duration integer NOT NULL ,
	graduate_rating integer,
    mentor_rating integer,
    notes text,
	
	PRIMARY KEY (meeting_id),
	FOREIGN KEY (pairs_id) REFERENCES pairs(pairs_id) ON DELETE CASCADE,
	
	CHECK (duration > 0),
	CHECK (meeting_date >= '2024-01-01'),
	CHECK (graduate_rating BETWEEN 0 AND 10 OR graduate_rating IS NULL),
	CHECK (mentor_rating BETWEEN 0 AND 10 OR mentor_rating IS NULL)
);

CREATE EXTENSION IF NOT EXISTS btree_gist;

--Уникальность выпускника по ФИ, дате рождения и телефону
ALTER TABLE graduates
    ADD CONSTRAINT uq_graduates_identity 
    UNIQUE (first_name, last_name, birth_date, phone);

--Уникальность наставника по ФИ и телефону
ALTER TABLE mentors
    ADD CONSTRAINT uq_mentors_identity 
    UNIQUE (first_name, last_name, phone);

--Уникальность названия навыка с привязкой к категории
ALTER TABLE skills_list
    ADD CONSTRAINT uq_skills_list_name 
    UNIQUE (skill_name);

--Ограничение на одну встречу в день для пары
ALTER TABLE meetings
    ADD CONSTRAINT uq_one_meeting_in_day
    UNIQUE (pairs_id, meeting_date);

--Ограничение - у одного выпусника не может быть более 1 активной пары
ALTER TABLE pairs
    ADD CONSTRAINT exclude_duplicate_active_graduates
    EXCLUDE USING gist (
        graduate_id WITH =,
        status WITH =
    ) WHERE (status = 'active');

--Индексы

CREATE INDEX idx_pairs_status ON pairs(status); --статус пары
CREATE INDEX idx_graduate_problems_graduate ON graduate_problems(graduate_id); --все проблемы выпускника
CREATE INDEX idx_graduate_problems_skill ON graduate_problems(skill_id); --навык в таблице проблем выпусника
CREATE INDEX idx_mentor_competencies_mentor ON mentor_competencies(mentor_id); --все навыки, которые владеет наставник
CREATE INDEX idx_mentor_competencies_skill ON mentor_competencies(skill_id); --все наставники с конкретным навыком
CREATE INDEX idx_pairs_mentor ON pairs(mentor_id); --количество активных пар у наставника
CREATE INDEX idx_meetings_pair ON meetings(pairs_id); --все встречи конкретной пары

--Данные БД

--Данные о выпускниках

INSERT INTO graduates (graduate_id, first_name, last_name, birth_date, gender, phone, education_level, employment_status) VALUES
(1, 'Artem', 'Smirnov', '2010-03-15', 'M', '+7-901-123-4501', 'school', 'studying'),
(2, 'Anna', 'Kuznetsova', '2009-07-22', 'F', '+7-901-123-4502', 'school', 'studying'),
(3, 'Dmitry', 'Popov', '2008-11-08', 'M', '+7-901-123-4503', 'school', 'studying'),
(4, 'Elena', 'Vasilieva', '2010-01-30', 'F', '+7-901-123-4504', 'school', 'studying'),
(5, 'Ivan', 'Petrov', '2008-05-12', 'M', '+7-901-123-4505', 'school', 'studying'),
(6, 'Mariya', 'Ivanova', '2008-09-18', 'F', '+7-901-123-4506', 'school', 'studying'),
(7, 'Maksim', 'Mikhailov', '2007-12-03', 'M', '+7-901-123-4507', 'school', 'studying'),
(8, 'Sofiya', 'Fedorova', '2010-04-25', 'F', '+7-901-123-4508', 'school', 'studying'),
(9, 'Daniil', 'Morozov', '2009-08-14', 'M', '+7-901-123-4509', 'school', 'working'),
(10, 'Viktoriya', 'Volkova', '2008-10-28', 'F', '+7-901-123-4510', 'school', 'working'),
(11, 'Nikita', 'Alekseev', '2007-06-19', 'M', '+7-901-123-4511', 'school', 'looking for job'),
(12, 'Anastasiya', 'Lebedeva', '2007-02-14', 'F', '+7-901-123-4512', 'school', 'looking for job'),
(13, 'Egor', 'Semenov', '2006-02-19', 'M', '+7-902-234-5601', 'college', 'studying'),
(14, 'Polina', 'Pavlova', '2005-06-07', 'F', '+7-902-234-5602', 'university', 'studying'),
(15, 'Kirill', 'Grigoriev', '2004-10-10', 'M', '+7-902-234-5603', 'college', 'studying'),
(16, 'Alisa', 'Stepanova', '2006-12-21', 'F', '+7-902-234-5604', 'university', 'studying'),
(17, 'Matvey', 'Nikolaev', '2005-03-28', 'M', '+7-902-234-5605', 'college', 'studying'),
(18, 'Varvara', 'Orlova', '2004-07-15', 'F', '+7-902-234-5606', 'university', 'studying'),
(19, 'Timofey', 'Andreev', '2006-11-22', 'M', '+7-902-234-5607', 'college', 'working'),
(20, 'Kseniya', 'Makarova', '2005-01-09', 'F', '+7-902-234-5608', 'university', 'working'),
(21, 'Vladislav', 'Soloviev', '2004-04-18', 'M', '+7-902-234-5609', 'college', 'working'),
(22, 'Margarita', 'Borisova', '2005-09-30', 'F', '+7-902-234-5610', 'university', 'looking for job'),
(23, 'Gleb', 'Tikhonov', '2006-08-05', 'M', '+7-902-234-5611', 'college', 'looking for job'),
(24, 'Arina', 'Tarasova', '2005-12-14', 'F', '+7-902-234-5612', 'university', 'looking for job'),
(25, 'Vsevolod', 'Egorov', '2003-03-20', 'M', '+7-903-345-6701', 'university', 'studying'),
(26, 'Aleksandra', 'Zaytseva', '2002-07-11', 'F', '+7-903-345-6702', 'college', 'studying'),
(27, 'Sergey', 'Kovalev', '2001-11-03', 'M', '+7-903-345-6703', 'university', 'studying'),
(28, 'Darya', 'Nikitina', '2003-05-27', 'F', '+7-903-345-6704', 'graduated', 'working'),
(29, 'Pavel', 'Sidorov', '2002-09-19', 'M', '+7-903-345-6705', 'graduated', 'working'),
(30, 'Elizaveta', 'Krylova', '2001-01-12', 'F', '+7-903-345-6706', 'university', 'working'),
(31, 'Andrey', 'Maksimov', '2000-04-08', 'M', '+7-903-345-6707', 'college', 'working'),
(32, 'Yuliya', 'Belyaeva', '2002-10-25', 'F', '+7-903-345-6708', 'graduated', 'working'),
(33, 'Konstantin', 'Gerasimov', '2003-06-17', 'M', '+7-903-345-6709', 'graduated', 'looking for job'),
(34, 'Ekaterina', 'Ushakova', '2001-08-30', 'F', '+7-903-345-6710', 'university', 'looking for job'),
(35, 'Roman', 'Kulikov', '2000-12-05', 'M', '+7-903-345-6711', 'graduated', 'looking for job'),
(36, 'Valeriya', 'Larina', '2003-02-28', 'F', '+7-903-345-6712', 'college', 'looking for job'),
(37, 'Mikhail', 'Komarov', '2001-07-14', 'M', '+7-903-345-6713', 'graduated', 'not working'),
(38, 'Veronika', 'Saveleva', '2000-11-29', 'F', '+7-903-345-6714', 'university', 'not working'),
(39, 'Aleksandr', 'Timofeev', '1999-03-09', 'M', '+7-904-456-7801', 'graduated', 'working'),
(40, 'Vasilisa', 'Zhukova', '1998-08-22', 'F', '+7-904-456-7802', 'graduated', 'working'),
(41, 'Ilya', 'Voronin', '1997-12-01', 'M', '+7-904-456-7803', 'graduated', 'working'),
(42, 'Antonina', 'Shcherbakova', '1996-04-17', 'F', '+7-904-456-7804', 'university', 'working'),
(43, 'Denis', 'Bogdanov', '1999-10-08', 'M', '+7-904-456-7805', 'graduated', 'working'),
(44, 'Lyubov', 'Osipova', '1998-01-24', 'F', '+7-904-456-7806', 'college', 'working'),
(45, 'Vyacheslav', 'Dmitriev', '1997-06-15', 'M', '+7-904-456-7807', 'graduated', 'working'),
(46, 'Agata', 'Emelyanova', '1996-09-30', 'F', '+7-904-456-7808', 'university', 'working'),
(47, 'Oleg', 'Gavrilov', '1995-05-19', 'M', '+7-904-456-7809', 'graduated', 'working'),
(48, 'Karina', 'Ilyina', '1995-02-10', 'F', '+7-904-456-7810', 'graduated', 'looking for job'),
(49, 'Evgeniy', 'Fomichev', '1998-07-23', 'M', '+7-904-456-7811', 'graduated', 'looking for job'),
(50, 'Alina', 'Kiseleva', '1997-11-05', 'F', '+7-904-456-7812', 'university', 'looking for job'),
(51, 'Nikolay', 'Sokolov', '1996-03-18', 'M', '+7-904-456-7813', 'graduated', 'looking for job'),
(52, 'Taisiya', 'Guseva', '1999-08-27', 'F', '+7-904-456-7814', 'graduated', 'not working'),
(53, 'Igor', 'Maslov', '1998-12-12', 'M', '+7-904-456-7815', 'graduated', 'not working'),
(54, 'Yana', 'Koroleva', '1997-04-03', 'F', '+7-904-456-7816', 'college', 'not working'),
(55, 'Vladimir', 'Medvedev', '2002-07-04', 'M', '+7-905-567-8901', NULL, 'looking for job'),
(56, 'Oksana', 'Abramova', '1998-12-28', 'F', '+7-905-567-8902', NULL, 'working'),
(57, 'Grigoriy', 'Ermakov', '1995-05-09', 'M', '+7-905-567-8903', NULL, 'looking for job'),
(58, 'Ruslan', 'Kozlov', '2006-03-22', NULL, '+7-905-567-8904', 'college', 'looking for job'),
(59, 'Svetlana', 'Novikova', '2001-11-13', NULL, '+7-905-567-8905', 'graduated', 'working'),
(60, 'Vera', 'Frolova', '1997-08-30', NULL, '+7-905-567-8906', 'university', 'studying');

--Данные о наставниках

INSERT INTO mentors (mentor_id, first_name, last_name, profession, work_in_programm_years, phone) VALUES
(1, 'Alexey', 'Smirnov', 'Senior Software Engineer', 3, '+7-901-123-4501'),
(2, 'Elena', 'Volkova', 'DevOps Architect', 1, '+7-901-123-4502'),
(3, 'Dmitry', 'Kuznetsov', 'Data Scientist', 1, '+7-901-123-4503'),
(4, 'Olga', 'Sokolova', 'Product Manager', 3, '+7-901-123-4504'),
(5, 'Andrey', 'Popov', 'Cybersecurity Specialist', 1, '+7-901-123-4505'),
(6, 'Tatyana', 'Lebedeva', 'HR Director', 1, '+7-902-234-5606'),
(7, 'Sergey', 'Morozov', 'Career Coach', 3, '+7-902-234-5607'),
(8, 'Natalia', 'Novikova', 'Talent Acquisition Specialist', 3, '+7-902-234-5608'),
(9, 'Pavel', 'Fedorov', 'Labor Market Analyst', 2, '+7-902-234-5609'),
(10, 'Irina', 'Mikhailova', 'Financial Analyst', 3, '+7-903-345-6710'),
(11, 'Vladimir', 'Volkov', 'Tax Advisor', 3, '+7-903-345-6711'),
(12, 'Anna', 'Zaytseva', 'Investment Banker', 3, '+7-903-345-6712'),
(13, 'Mikhail', 'Solovyov', 'Corporate Lawyer', 3, '+7-904-456-7813'),
(14, 'Ekaterina', 'Vasilyeva', 'Legal Consultant', 3, '+7-904-456-7814'),
(15, 'Nikolay', 'Petrov', 'University Professor', 3, '+7-905-567-8915'),
(16, 'Svetlana', 'Ivanova', 'Academic Advisor', 3, '+7-905-567-8916'),
(17, 'Igor', 'Sidorov', 'Curriculum Developer', 3, '+7-905-567-8917'),
(18, 'Yulia', 'Kozlova', 'Marketing Director', 3, '+7-906-678-9018'),
(19, 'Roman', 'Orlov', 'Public Relations Specialist', 3, '+7-906-678-9019'),
(20, 'Maria', 'Nikolaeva', 'Content Strategist', 3, '+7-906-678-9020'),
(21, 'Viktor', 'Makarov', 'Real Estate Broker', 3, '+7-907-789-0121'),
(22, 'Oksana', 'Andreeva', 'Property Manager', 3, '+7-907-789-0122'),
(23, 'Denis', 'Tarasov', 'Clinical Psychologist', 3, '+7-908-890-1233'),
(24, 'Anastasia', 'Belova', 'Life Coach', 2, '+7-908-890-1234'),
(25, 'Evgeny', 'Grigoriev', 'Healthcare Administrator', 3, '+7-908-890-1235');

--Справочник навыков/проблем

INSERT INTO skills_list (skill_id, skill_name, category, description) VALUES
(1, 'Academic Writing', 'education', 'Writing essays, research papers, and reports'),
(2, 'Critical Thinking', 'education', 'Analyzing information objectively'),
(3, 'Exam Preparation', 'education', 'Strategies for passing tests and certifications'),
(4, 'Research Skills', 'education', 'Finding and evaluating credible sources'),
(5, 'Note Taking', 'education', 'Effective methods for lectures and self-study'),
(6, 'Presentation Skills', 'education', 'Creating and delivering academic presentations'),
(7, 'University Application', 'education', 'Process of applying to higher education institutions'),
(8, 'Resume Writing', 'work', 'Creating professional CVs tailored to specific jobs'),
(9, 'Interview Preparation', 'work', 'Behavioral and technical interview techniques'),
(10, 'Negotiation Skills', 'work', 'Salary and job offer negotiation'),
(11, 'Project Management', 'work', 'Agile, Scrum, and task prioritization'),
(12, 'Time Management', 'work', 'Planning, prioritizing tasks and meeting deadlines'),
(13, 'Professional Networking', 'work', 'Building connections and personal brand'),
(14, 'Public Speaking', 'work', 'Presenting ideas confidently to groups'),
(15, 'Finding Accommodation', 'housing', 'How to search for rental apartments'),
(16, 'Rental Agreement Review', 'housing', 'Understanding lease contracts and tenant rights'),
(17, 'Budgeting for Rent', 'housing', 'Managing housing expenses including utilities'),
(18, 'Cooking Basics', 'housing', 'Simple meal preparation and kitchen safety'),
(19, 'Roommate Management', 'housing', 'Setting expectations, splitting bills, resolving conflicts'),
(20, 'Active Listening', 'communication', 'Understanding others without interrupting'),
(21, 'Conflict Resolution', 'communication', 'Handling disagreements professionally'),
(22, 'Email Etiquette', 'communication', 'Professional written communication'),
(23, 'Assertiveness Training', 'communication', 'Expressing needs respectfully'),
(24, 'Nonverbal Communication', 'communication', 'Understanding body language and tone'),
(25, 'Employment Law Basics', 'legal', 'Understanding labor rights, contracts, workplace discrimination'),
(26, 'Tax Filing', 'legal', 'Basic knowledge of personal tax declaration'),
(27, 'Consumer Rights', 'legal', 'Understanding warranties, returns, and disputes with sellers'),
(28, 'Budget Planning', 'finance', 'Basics of personal finance management'),
(29, 'Debt Management', 'finance', 'Loans, credit cards, and repayment strategies'),
(30, 'Emergency Fund Planning', 'finance', 'Building financial cushion for unexpected expenses');

--Проблемы(запросы) выпусников

INSERT INTO graduate_problems (graduate_id, skill_id) VALUES
(1, 7), (1, 12), (1, 5),
(2, 7), (2, 2), (2, 5),
(3, 3), (3, 12), (3, 5),
(4, 7), (4, 1), (4, 20),
(5, 12), (5, 5), (5, 2),
(6, 7), (6, 6), (6, 20),
(7, 3), (7, 12), (7, 5), (7, 1),
(8, 7), (8, 6), (8, 20),
(9, 12), (9, 8), (9, 20), (9, 28),
(10, 12), (10, 9), (10, 21), (10, 28),
(11, 8), (11, 9), (11, 12), (11, 28),
(12, 8), (12, 9), (12, 13), (12, 28),
(13, 1), (13, 2), (13, 12), (13, 6),
(14, 1), (14, 6), (14, 20), (14, 28),
(15, 4), (15, 5), (15, 12), (15, 2),
(16, 1), (16, 6), (16, 14), (16, 20),
(17, 2), (17, 5), (17, 12), (17, 7),
(18, 1), (18, 6), (18, 20), (18, 28),
(19, 12), (19, 8), (19, 21), (19, 28), (19, 10),
(20, 9), (20, 13), (20, 28), (20, 20), (20, 14),
(21, 8), (21, 12), (21, 28), (21, 21), (21, 15),
(22, 8), (22, 9), (22, 13), (22, 28), (22, 21),
(23, 8), (23, 9), (23, 12), (23, 28), (23, 15),
(24, 8), (24, 9), (24, 13), (24, 28), (24, 20),
(25, 1), (25, 6), (25, 28), (25, 15),
(26, 5), (26, 12), (26, 28), (26, 21),
(27, 1), (27, 14), (27, 20), (27, 28),
(28, 10), (28, 14), (28, 21), (28, 28), (28, 25),
(29, 9), (29, 13), (29, 28), (29, 20), (29, 10),
(30, 8), (30, 12), (30, 28), (30, 21), (30, 15),
(31, 10), (31, 14), (31, 25), (31, 28), (31, 29),
(32, 9), (32, 13), (32, 21), (32, 28), (32, 11),
(33, 8), (33, 9), (33, 13), (33, 28), (33, 10),
(34, 8), (34, 9), (34, 13), (34, 28), (34, 20),
(35, 8), (35, 9), (35, 10), (35, 28), (35, 29),
(36, 8), (36, 9), (36, 13), (36, 28), (36, 21),
(37, 8), (37, 9), (37, 28), (37, 21), (37, 15),
(38, 8), (38, 9), (38, 28), (38, 20), (38, 29),
(39, 10), (39, 11), (39, 25), (39, 29), (39, 30),
(40, 14), (40, 21), (40, 25), (40, 28), (40, 29),
(41, 10), (41, 11), (41, 29), (41, 30), (41, 26),
(42, 14), (42, 21), (42, 25), (42, 28), (42, 16),
(43, 10), (43, 11), (43, 29), (43, 30), (43, 27),
(44, 21), (44, 25), (44, 28), (44, 29), (44, 16),
(45, 10), (45, 14), (45, 25), (45, 29), (45, 30),
(46, 11), (46, 21), (46, 25), (46, 28), (46, 27),
(47, 10), (47, 14), (47, 29), (47, 30), (47, 26),
(48, 8), (48, 9), (48, 10), (48, 13), (48, 28),
(49, 8), (49, 9), (49, 10), (49, 13), (49, 28),
(50, 8), (50, 9), (50, 10), (50, 13), (50, 28),
(51, 8), (51, 9), (51, 10), (51, 13), (51, 28),
(52, 8), (52, 9), (52, 28), (52, 21), (52, 15),
(53, 8), (53, 9), (53, 28), (53, 21), (53, 29),
(54, 8), (54, 9), (54, 28), (54, 15), (54, 16),
(55, 8), (55, 9), (55, 28), (55, 21),
(56, 10), (56, 14), (56, 25), (56, 28),
(57, 8), (57, 9), (57, 28), (57, 21), (57, 15),
(58, 8), (58, 9), (58, 28), (58, 15),
(59, 10), (59, 14), (59, 25), (59, 28), (59, 29),
(60, 1), (60, 6), (60, 28), (60, 20);

--Компетенции наставников

INSERT INTO mentor_competencies (mentor_id, skill_id) VALUES
(1, 2), (1, 8), (1, 9), (1, 10), (1, 11), (1, 12), (1, 14), (1, 25),
(2, 2), (2, 8), (2, 9), (2, 11), (2, 12), (2, 25), (2, 28),
(3, 1), (3, 2), (3, 4), (3, 6), (3, 14), (3, 28), (3, 30),
(4, 2), (4, 8), (4, 9), (4, 10), (4, 11), (4, 12), (4, 13), (4, 14), (4, 20), (4, 21),
(5, 2), (5, 8), (5, 9), (5, 12), (5, 25), (5, 27),
(6, 8), (6, 9), (6, 10), (6, 13), (6, 20), (6, 21), (6, 22), (6, 23), (6, 25),
(7, 8), (7, 9), (7, 10), (7, 13), (7, 14), (7, 20), (7, 21), (7, 23),
(8, 8), (8, 9), (8, 13), (8, 20), (8, 22), (8, 25),
(9, 2), (9, 8), (9, 9), (9, 13), (9, 25), (9, 28), (9, 29),
(10, 2), (10, 10), (10, 25), (10, 26), (10, 28), (10, 29), (10, 30),
(11, 25), (11, 26), (11, 27), (11, 28), (11, 29), (11, 30),
(12, 2), (12, 10), (12, 28), (12, 29), (12, 30),
(13, 2), (13, 10), (13, 16), (13, 25), (13, 26), (13, 27),
(14, 2), (14, 16), (14, 25), (14, 26), (14, 27),
(15, 1), (15, 2), (15, 3), (15, 4), (15, 5), (15, 6), (15, 7), (15, 14),
(16, 1), (16, 2), (16, 3), (16, 5), (16, 6), (16, 7), (16, 20),
(17, 1), (17, 2), (17, 3), (17, 4), (17, 5), (17, 6), (17, 7),
(18, 2), (18, 8), (18, 9), (18, 13), (18, 14), (18, 20), (18, 21), (18, 22), (18, 23),
(19, 2), (19, 13), (19, 14), (19, 20), (19, 21), (19, 22), (19, 23), (19, 24),
(20, 1), (20, 2), (20, 6), (20, 14), (20, 20), (20, 22),
(21, 10), (21, 15), (21, 16), (21, 17), (21, 19), (21, 27),
(22, 15), (22, 16), (22, 17), (22, 19), (22, 20), (22, 21),
(23, 2), (23, 20), (23, 21), (23, 22), (23, 23), (23, 24),
(24, 2), (24, 12), (24, 14), (24, 20), (24, 21), (24, 23), (24, 28),
(25, 2), (25, 8), (25, 9), (25, 11), (25, 12), (25, 20), (25, 21), (25, 25);

--Образованные пары

INSERT INTO pairs (pairs_id, graduate_id, mentor_id, status) VALUES
(1, 1, 15, 'active'),
(2, 3, 15, 'active'),
(3, 5, 15, 'active'),
(4, 7, 15, 'active'),
(5, 2, 16, 'active'),
(6, 4, 16, 'active'),
(7, 6, 16, 'active'),
(8, 8, 16, 'active'),
(9, 14, 17, 'active'),
(10, 26, 17, 'active'),
(11, 9, 1, 'active'),
(12, 19, 1, 'active'),
(13, 21, 1, 'active'),
(14, 30, 1, 'active'),
(15, 20, 4, 'active'),
(16, 28, 4, 'active'),
(17, 10, 7, 'active'),
(18, 11, 7, 'active'),
(19, 22, 7, 'active'),
(20, 24, 7, 'active'),
(21, 12, 8, 'active'),
(22, 23, 8, 'active'),
(23, 48, 9, 'active'),
(24, 49, 9, 'active'),
(25, 55, 9, 'active'),
(26, 29, 10, 'active'),
(27, 31, 10, 'active'),
(28, 35, 10, 'active'),
(29, 56, 10, 'active'),
(30, 41, 12, 'active'),
(31, 53, 12, 'active'),
(32, 59, 12, 'active'),
(33, 42, 14, 'active'),
(34, 44, 14, 'active'),
(35, 46, 14, 'active'),
(36, 54, 21, 'active'),
(37, 57, 21, 'active'),
(38, 58, 21, 'active'),
(39, 15, 21, 'active'),
(40, 38, 11, 'active'),
(41, 43, 11, 'active'),
(42, 47, 11, 'active'),
(43, 25, 13, 'active'),
(44, 27, 13, 'active'),
(45, 32, 18, 'active'),
(46, 34, 18, 'active'),
(47, 36, 18, 'active'),
(48, 33, 19, 'active'),
(49, 37, 19, 'active'),
(50, 39, 20, 'active'),
(51, 40, 20, 'active'),
(52, 45, 22, 'active'),
(53, 52, 22, 'active'),
(54, 60, 23, 'active'),
(55, 13, 23, 'active'),
(56, 16, 24, 'active'),
(57, 18, 24, 'active'),
(58, 50, 25, 'active'),
(59, 28, 4, 'completed successfully'),
(60, 29, 10, 'completed successfully'),
(61, 33, 19, 'completed successfully'),
(62, 48, 9, 'completed successfully'),
(63, 50, 25, 'completed successfully'),
(64, 51, 9, 'completed successfully'),
(65, 5, 15, 'completed early'),
(66, 11, 7, 'completed early'),
(67, 23, 8, 'completed early'),
(68, 38, 11, 'completed early');

--Встречи пар

INSERT INTO meetings (meeting_id, pairs_id, meeting_date, duration, graduate_rating, mentor_rating, notes) VALUES
(1, 1, '2026-01-15', 55, 8, 9, 'Discussed university application strategy'),
(2, 1, '2026-01-29', 60, 9, 8, 'Reviewed personal statement draft'),
(3, 1, '2026-02-12', 45, NULL, NULL, 'Planned: Essay structure workshop'),
(4, 2, '2026-01-20', 50, 7, 8, 'Exam preparation techniques overview'),
(5, 2, '2026-02-03', 65, 8, 9, 'Practice test analysis'),
(6, 2, '2026-02-17', 55, 8, 8, 'Time management for exams'),
(7, 5, '2026-01-10', 70, 9, 9, 'Critical thinking exercises'),
(8, 5, '2026-01-24', 50, 8, 8, 'Note taking methods review'),
(9, 5, '2026-02-07', 60, 9, 10, 'University application Q&A'),
(10, 11, '2025-03-10', 90, 8, 9, 'Resume writing workshop'),
(11, 11, '2025-03-24', 85, 9, 8, 'Interview preparation session'),
(12, 11, '2025-04-07', 75, 8, 9, 'Time management strategies for work'),
(13, 11, '2025-04-21', 100, 9, 10, 'Salary negotiation roleplay'),
(14, 11, '2026-01-05', 80, 8, 8, 'Follow-up: Career progress review'),
(15, 15, '2025-03-15', 110, 9, 9, 'Professional networking strategies'),
(16, 15, '2025-03-29', 95, 8, 9, 'Public speaking practice'),
(17, 15, '2025-04-12', 85, 9, 8, 'Conflict resolution in workplace'),
(18, 15, '2026-01-20', 70, NULL, NULL, 'Planned: Advanced presentation skills'),
(19, 17, '2025-02-01', 75, 8, 9, 'Job search strategy'),
(20, 17, '2025-02-15', 80, 9, 9, 'Interview techniques'),
(21, 17, '2025-03-01', 70, 8, 8, 'LinkedIn profile optimization'),
(22, 17, '2025-03-15', 90, 9, 10, 'Mock interview session'),
(23, 17, '2026-02-10', 65, NULL, NULL, 'Planned: Career path discussion'),
(24, 26, '2025-04-05', 80, 8, 9, 'Budget planning basics'),
(25, 26, '2025-04-19', 95, 9, 9, 'Debt management strategies'),
(26, 26, '2025-05-03', 70, 8, 8, 'Emergency fund planning'),
(27, 26, '2025-05-17', 85, 9, 10, 'Investment fundamentals for beginners'),
(28, 26, '2026-02-20', 75, NULL, NULL, 'Planned: Advanced financial planning'),
(29, 30, '2025-04-10', 90, 9, 9, 'Salary negotiation workshop'),
(30, 30, '2025-04-24', 80, 8, 8, 'Financial goal setting'),
(31, 30, '2025-05-08', 100, 9, 10, 'Tax filing basics'),
(32, 30, '2025-05-22', 85, 8, 9, 'Retirement planning intro'),
(33, 30, '2026-03-01', 70, NULL, NULL, 'Planned: Investment portfolio review'),
(34, 33, '2025-05-01', 60, 7, 8, 'Employment law basics'),
(35, 33, '2025-05-15', 75, 8, 9, 'Rental agreement review'),
(36, 33, '2025-05-29', 80, 8, 8, 'Consumer rights explained'),
(37, 33, '2026-03-15', 65, NULL, NULL, 'Planned: Contract negotiation tips'),
(38, 36, '2026-01-25', 50, 7, 8, 'Finding accommodation tips'),
(39, 36, '2026-02-08', 60, 8, 8, 'Budgeting for rent'),
(40, 36, '2026-02-22', 55, 8, 9, 'Roommate management strategies'),
(41, 36, '2026-03-08', 70, NULL, NULL, 'Planned: Lease agreement deep dive'),
(42, 43, '2025-06-01', 85, 9, 9, 'Critical thinking for legal issues'),
(43, 43, '2025-06-15', 70, 8, 8, 'Employment contract review'),
(44, 43, '2025-06-29', 95, 9, 10, 'Tax filing for freelancers'),
(45, 43, '2026-04-01', 80, NULL, NULL, 'Planned: Legal rights at workplace'),
(46, 50, '2025-07-05', 65, 8, 9, 'Active listening workshop'),
(47, 50, '2025-07-19', 75, 9, 8, 'Email etiquette for professionals'),
(48, 50, '2025-08-02', 80, 8, 9, 'Assertiveness training session'),
(49, 50, '2025-08-16', 70, 9, 9, 'Nonverbal communication basics'),
(50, 50, '2026-04-15', 60, NULL, NULL, 'Planned: Public speaking practice'),
(51, 54, '2025-02-10', 55, 8, 9, 'Stress management techniques'),
(52, 54, '2025-02-24', 60, 9, 9, 'Building self-confidence'),
(53, 54, '2025-03-10', 70, 8, 8, 'Overcoming procrastination'),
(54, 54, '2025-03-24', 65, 9, 10, 'Goal setting and motivation'),
(55, 54, '2026-05-01', 75, NULL, NULL, 'Planned: Career-life balance discussion'),
(56, 56, '2025-08-20', 80, 8, 9, 'Academic writing essentials'),
(57, 56, '2025-09-03', 90, 9, 8, 'Presentation skills workshop'),
(58, 56, '2025-09-17', 75, 8, 9, 'Research methods overview'),
(59, 56, '2025-10-01', 85, 9, 9, 'Time management for students'),
(60, 56, '2026-05-15', 70, NULL, NULL, 'Planned: Thesis writing support'),
(61, 59, '2024-02-10', 85, 8, 9, 'Professional networking introduction'),
(62, 59, '2024-02-24', 90, 9, 8, 'Resume optimization session'),
(63, 59, '2024-03-09', 75, 8, 9, 'Interview skills training'),
(64, 59, '2024-03-23', 100, 9, 10, 'Salary negotiation mastery'),
(65, 59, '2024-04-06', 80, 9, 9, 'Public speaking practice'),
(66, 59, '2024-04-20', 70, 8, 8, 'Career path planning'),
(67, 59, '2024-05-04', 95, 10, 10, 'Final review: All goals achieved'),
(68, 60, '2024-03-01', 80, 8, 9, 'Financial literacy basics'),
(69, 60, '2024-03-15', 90, 9, 9, 'Budget creation workshop'),
(70, 60, '2024-03-29', 75, 8, 8, 'Debt reduction strategies'),
(71, 60, '2024-04-12', 85, 9, 10, 'Emergency fund planning'),
(72, 60, '2024-04-26', 70, 9, 9, 'Investment fundamentals'),
(73, 60, '2024-05-10', 95, 10, 10, 'Retirement planning basics'),
(74, 60, '2024-05-24', 80, 9, 9, 'Tax optimization tips'),
(75, 60, '2024-06-07', 90, 10, 10, 'Financial independence roadmap'),
(76, 61, '2024-09-05', 65, 7, 8, 'Communication skills assessment'),
(77, 61, '2024-09-19', 70, 8, 8, 'Active listening practice'),
(78, 61, '2024-10-03', 80, 8, 9, 'Conflict resolution techniques'),
(79, 61, '2024-10-17', 75, 9, 9, 'Public speaking workshop'),
(80, 61, '2024-10-31', 85, 8, 8, 'Nonverbal communication mastery'),
(81, 61, '2024-11-14', 70, 9, 10, 'Assertiveness training'),
(82, 61, '2024-11-28', 90, 10, 9, 'Presentation skills final'),
(83, 61, '2024-12-12', 80, 9, 10, 'Communication audit completed'),
(84, 62, '2024-10-10', 85, 7, 8, 'Resume writing basics'),
(85, 62, '2024-10-24', 90, 8, 9, 'Job search strategies'),
(86, 62, '2024-11-07', 75, 8, 8, 'Interview preparation'),
(87, 62, '2024-11-21', 80, 9, 9, 'LinkedIn profile optimization'),
(88, 62, '2024-12-05', 70, 9, 10, 'Networking skills workshop'),
(89, 62, '2024-12-19', 95, 10, 10, 'Career transition plan'),
(90, 62, '2025-01-09', 85, 9, 9, 'Final review and recommendations'),
(91, 63, '2025-02-15', 70, 8, 8, 'Project management intro'),
(92, 63, '2025-03-01', 80, 8, 9, 'Time management techniques'),
(93, 63, '2025-03-15', 75, 9, 9, 'Team collaboration skills'),
(94, 63, '2025-03-29', 85, 8, 8, 'Leadership basics'),
(95, 63, '2025-04-12', 90, 9, 10, 'Agile methodology overview'),
(96, 63, '2025-04-26', 80, 10, 9, 'Project delivery success'),
(97, 63, '2025-05-10', 75, 9, 10, 'Final project presentation'),
(98, 65, '2024-11-05', 50, 6, 7, 'Initial assessment - low motivation'),
(99, 65, '2024-11-19', 45, 5, 6, 'Missed homework, lack of progress'),
(100, 65, '2024-12-03', 40, 4, 5, 'No improvement, disengaged'),
(101, 65, '2024-12-17', 35, 3, 4, 'Final attempt - no commitment'),
(102, 66, '2024-08-15', 60, 7, 8, 'Career counseling session'),
(103, 66, '2024-08-29', 55, 6, 7, 'Job search plan created'),
(104, 66, '2024-09-12', 50, 5, 6, 'Missed interview opportunity'),
(105, 66, '2024-09-26', 45, 4, 5, 'No follow-through on tasks'),
(106, 66, '2024-10-10', 40, 3, 4, 'Discontinued participation'),
(107, 67, '2025-01-20', 65, 7, 8, 'Resume review session'),
(108, 67, '2025-02-03', 60, 6, 7, 'Job application strategies'),
(109, 67, '2025-02-17', 55, 5, 6, 'Interview practice - poor performance'),
(110, 67, '2025-03-03', 50, 4, 5, 'No progress, stopped responding'),
(111, 68, '2025-03-10', 70, 8, 8, 'Budget planning basics'),
(112, 68, '2025-03-24', 65, 7, 7, 'Debt management discussion'),
(113, 68, '2025-04-07', 60, 5, 6, 'Did not complete assignments'),
(114, 68, '2025-04-21', 55, 4, 5, 'No show, ended mentorship early'),
(115, 1, '2026-07-10', 50, NULL, NULL, 'Planned: University application final review'),
(116, 11, '2026-07-15', 70, NULL, NULL, 'Planned: Career progression discussion'),
(117, 15, '2026-07-20', 65, NULL, NULL, 'Planned: Leadership skills workshop'),
(118, 26, '2026-07-25', 80, NULL, NULL, 'Planned: Advanced investment strategies'),
(119, 30, '2026-08-01', 75, NULL, NULL, 'Planned: Financial independence planning'),
(120, 36, '2026-08-05', 55, NULL, NULL, 'Planned: Home buying basics'),
(121, 43, '2026-08-10', 70, NULL, NULL, 'Planned: Legal clinic follow-up'),
(122, 50, '2026-08-15', 60, NULL, NULL, 'Planned: Executive presence training'),
(123, 54, '2026-08-20', 65, NULL, NULL, 'Planned: Mental wellness check-in'),
(124, 56, '2026-08-25', 75, NULL, NULL, 'Planned: PhD application preparation'),
(125, 3, '2026-02-25', 50, 8, 8, 'Study techniques review'),
(126, 3, '2026-03-11', 55, 7, 8, 'Exam stress management'),
(127, 6, '2026-01-12', 65, 8, 9, 'College application essay'),
(128, 6, '2026-01-26', 60, 9, 8, 'Recommendation letters strategy'),
(129, 12, '2025-04-14', 85, 8, 9, 'Work-life balance planning'),
(130, 12, '2025-04-28', 90, 9, 8, 'Career development roadmap'),
(131, 12, '2026-01-12', 75, 8, 8, 'Annual career review'),
(132, 18, '2025-03-22', 80, 8, 9, 'Job search motivation'),
(133, 18, '2025-04-05', 75, 7, 8, 'Interview anxiety coping'),
(134, 18, '2026-02-05', 70, NULL, NULL, 'Planned: Offer negotiation prep'),
(135, 19, '2025-04-19', 70, 8, 8, 'Networking event preparation'),
(136, 19, '2025-05-03', 85, 9, 9, 'Personal branding workshop'),
(137, 21, '2025-02-08', 75, 7, 8, 'Resume tailoring techniques'),
(138, 21, '2025-02-22', 80, 8, 9, 'Cover letter writing'),
(139, 21, '2026-03-10', 65, NULL, NULL, 'Planned: Job application follow-up'),
(140, 24, '2025-03-08', 85, 8, 8, 'Career transition planning'),
(141, 24, '2025-03-22', 90, 9, 9, 'Skills gap analysis'),
(142, 27, '2025-06-10', 80, 8, 9, 'Debt repayment plan'),
(143, 27, '2025-06-24', 75, 9, 8, 'Saving strategies for goals'),
(144, 27, '2026-04-20', 85, NULL, NULL, 'Planned: Investment basics'),
(145, 28, '2025-07-08', 90, 8, 9, 'Retirement planning early'),
(146, 28, '2025-07-22', 85, 9, 10, 'Tax-efficient investing'),
(147, 31, '2025-08-05', 70, 7, 8, 'Credit score improvement'),
(148, 31, '2025-08-19', 80, 8, 8, 'Loan management strategies'),
(149, 32, '2025-09-02', 85, 8, 9, 'Wealth building fundamentals'),
(150, 32, '2025-09-16', 90, 9, 9, 'Real estate investment basics'),
(151, 34, '2025-10-05', 60, 7, 8, 'Tenant rights overview'),
(152, 34, '2025-10-19', 65, 8, 8, 'Lease agreement red flags'),
(153, 35, '2025-11-01', 75, 8, 9, 'Consumer protection laws'),
(154, 35, '2025-11-15', 80, 8, 8, 'Small claims court process'),
(155, 37, '2026-01-18', 55, 7, 8, 'Apartment hunting tips'),
(156, 37, '2026-02-01', 60, 8, 8, 'Rent negotiation strategies'),
(157, 38, '2026-02-15', 50, 7, 7, 'Housing budget planning'),
(158, 38, '2026-03-01', 55, 8, 8, 'Utilities management tips'),
(159, 39, '2026-03-15', 65, 8, 9, 'Roommate agreement drafting'),
(160, 39, '2026-03-29', 70, 8, 8, 'Conflict resolution for housemates'),
(161, 40, '2025-09-20', 80, 8, 8, 'Emergency fund setup'),
(162, 40, '2025-10-04', 75, 7, 8, 'Budget tracking tools'),
(163, 41, '2025-10-18', 85, 8, 9, 'Investment risk assessment'),
(164, 41, '2025-11-01', 90, 9, 9, 'Portfolio diversification basics'),
(165, 42, '2025-11-15', 70, 8, 8, 'Tax filing for beginners'),
(166, 42, '2025-11-29', 80, 8, 9, 'Retirement account options'),
(167, 44, '2025-12-01', 75, 8, 8, 'Workplace discrimination rights'),
(168, 44, '2025-12-15', 85, 9, 9, 'Contract negotiation tips'),
(169, 45, '2025-08-10', 80, 8, 9, 'Marketing yourself effectively'),
(170, 45, '2025-08-24', 85, 9, 8, 'Personal brand building'),
(171, 46, '2025-09-07', 75, 8, 8, 'Social media for job search'),
(172, 46, '2025-09-21', 80, 8, 9, 'Content creation basics'),
(173, 47, '2025-10-05', 70, 7, 8, 'Public relations fundamentals'),
(174, 47, '2025-10-19', 85, 8, 8, 'Crisis communication strategies'),
(175, 48, '2025-01-05', 65, 7, 8, 'Communication styles assessment'),
(176, 48, '2025-01-19', 70, 8, 8, 'Giving and receiving feedback'),
(177, 49, '2025-02-02', 75, 8, 9, 'Difficult conversations training'),
(178, 49, '2025-02-16', 80, 8, 8, 'Emotional intelligence workshop'),
(179, 51, '2025-09-14', 70, 8, 9, 'Storytelling for presentations'),
(180, 51, '2025-09-28', 85, 9, 9, 'Visual communication design'),
(181, 52, '2025-10-12', 60, 7, 8, 'Property management basics'),
(182, 52, '2025-10-26', 65, 8, 8, 'Maintenance request protocols'),
(183, 53, '2025-11-09', 55, 7, 7, 'Security deposit recovery'),
(184, 53, '2025-11-23', 60, 8, 8, 'Moving out checklist'),
(185, 55, '2025-12-07', 70, 8, 9, 'Anxiety management techniques'),
(186, 55, '2025-12-21', 75, 9, 8, 'Building resilience skills'),
(187, 55, '2026-01-04', 65, 8, 9, 'Mindfulness practice session'),
(188, 57, '2025-10-15', 80, 8, 9, 'Academic goal setting'),
(189, 57, '2025-10-29', 85, 9, 8, 'Study group facilitation'),
(190, 57, '2025-11-12', 75, 8, 9, 'Research proposal writing'),
(191, 58, '2025-11-26', 80, 9, 8, 'Project closure techniques'),
(192, 58, '2025-12-10', 85, 8, 9, 'Lessons learned documentation'),
(193, 58, '2026-01-07', 70, 10, 6, 'Graduate loved it, mentor disappointed'),
(194, 58, '2026-01-21', 75, 7, 9, 'Harsh graduate rating despite good mentor'),
(195, 8, '2026-02-14', 55, 9, 9, 'College interview practice'),
(196, 8, '2026-02-28', 60, 8, 8, 'Scholarship application tips'),
(197, 8, '2026-03-14', 50, 10, 5, 'Extremely strict mentor - graduate perfect'),
(198, 9, '2025-03-05', 70, 8, 9, 'Academic writing structure'),
(199, 9, '2025-03-19', 65, 9, 8, 'Citation management tools'),
(200, 9, '2025-04-02', 80, 7, 10, 'Mentor overjoyed, graduate just okay'),
(201, 10, '2025-04-16', 75, 8, 8, 'Research methodology basics'),
(202, 10, '2025-04-30', 70, 9, 9, 'Literature review strategies'),
(203, 10, '2025-05-14', 85, 6, 9, 'Graduate unhappy, mentor positive'),
(204, 13, '2025-05-28', 90, 8, 8, 'Project management tools overview'),
(205, 13, '2025-06-11', 85, 9, 9, 'Agile vs Waterfall methodologies'),
(206, 13, '2025-06-25', 80, 4, 8, 'Very unhappy graduate - mentor unprepared'),
(207, 14, '2025-07-09', 95, 9, 10, 'Leadership skills development'),
(208, 14, '2025-07-23', 85, 10, 9, 'Strategic thinking workshop'),
(209, 14, '2025-08-06', 90, 10, 4, 'Harsh mentor - graduate excellent'),
(210, 16, '2025-09-03', 80, 8, 8, 'Executive presence training'),
(211, 16, '2025-09-17', 75, 9, 9, 'Board presentation skills'),
(212, 16, '2025-10-01', 85, 5, 9, 'Graduate upset about feedback delivery'),
(213, 20, '2025-06-15', 75, 8, 8, 'Interview follow-up strategies'),
(214, 20, '2025-06-29', 80, 9, 9, 'Offer evaluation criteria'),
(215, 20, '2025-07-13', 70, 10, 6, 'Strict mentor - graduate thrilled'),
(216, 22, '2025-04-20', 65, 7, 7, 'Cover letter customization'),
(217, 22, '2025-05-04', 70, 8, 8, 'Portfolio development'),
(218, 22, '2025-05-18', 60, 3, 7, 'Very low graduate rating - mentor unprepared'),
(219, 23, '2025-01-15', 80, 9, 8, 'Career assessment tools'),
(220, 23, '2025-01-29', 85, 8, 9, 'Industry research techniques'),
(221, 23, '2025-02-12', 75, 10, 10, 'Perfect alignment - both very satisfied'),
(222, 23, '2025-02-26', 90, 5, 9, 'Graduate conflict - personal issues'),
(223, 29, '2025-08-20', 80, 8, 8, 'Stock market basics'),
(224, 29, '2025-09-03', 85, 9, 9, 'Bond investing fundamentals'),
(225, 29, '2025-09-17', 75, 8, 4, 'Extremely harsh mentor - impossible standards'),
(226, 64, '2024-11-01', 85, 8, 9, 'Job market analysis'),
(227, 64, '2024-11-15', 90, 9, 8, 'Salary research techniques'),
(228, 64, '2024-11-29', 80, 9, 9, 'Company culture assessment'),
(229, 64, '2024-12-13', 75, 10, 10, 'Perfect match - both highly satisfied'),
(230, 64, '2024-12-27', 85, 10, 7, 'Mentor slightly strict - graduate overjoyed'),
(231, 7, '2026-03-22', 60, 9, 9, 'Mock interview round 2'),
(232, 7, '2026-04-05', 65, 8, 3, 'Very harsh mentor - graduate did well'),
(233, 4, '2026-01-18', 55, 10, 10, 'Excellent progress review'),
(234, 4, '2026-02-01', 50, 2, 6, 'Graduate extremely upset - technical issues'),
(235, 25, '2026-02-28', 70, 9, 9, 'Career fair preparation'),
(236, 25, '2026-03-14', 65, 9, 5, 'Harsh mentor - graduate well-prepared'),
(237, 25, '2026-03-28', 75, 10, 10, 'Redemption session - both happy'),
(238, 27, '2026-05-05', 80, 8, 8, 'Side income strategies'),
(239, 27, '2026-05-19', 75, 9, 4, 'Very strict mentor - creative ideas rejected'),
(240, 32, '2026-01-10', 85, 8, 9, 'Real estate market trends'),
(241, 32, '2026-01-24', 80, 10, 10, 'Property investment analysis'),
(242, 32, '2026-02-07', 75, 3, 8, 'Graduate furious about conflicting advice'),
(243, 34, '2026-02-21', 65, 8, 8, 'Security deposit disputes'),
(244, 34, '2026-03-07', 70, 9, 2, 'Extremely harsh mentor - graduate good'),
(245, 39, '2026-04-12', 60, 8, 9, 'Shared utilities management'),
(246, 39, '2026-04-26', 65, 10, 6, 'Strict mentor - graduate unappreciated'),
(247, 45, '2026-01-05', 80, 9, 9, 'Portfolio presentation prep'),
(248, 45, '2026-01-19', 75, 8, 4, 'Mentor very critical - graduate disagrees'),
(249, 52, '2026-01-12', 60, 8, 9, 'Lease renewal negotiation'),
(250, 52, '2026-01-26', 65, 9, 3, 'Extremely harsh mentor - graduate perfect');
